{
"berry_field": [
[0, 9, 9, 9, 9, 0, 9, 9, 9, 0], 
[9, 9, 9, 9, 9, 9, 9, 9, 9, 9], 
[9, 9, 9, 9, 9, 9, 9, 9, 9, 9], 
[9, 9, 9, 9, 9, 9, 9, 9, 9, 9], 
[9, 9, 9, 9, 9, 9, 9, 0, 9, 9], 
[9, 9, 9, 9, 9, 9, 9, 9, 9, 0], 
[9, 9, 9, 9, 9, 9, 9, 9, 9, 9], 
[9, 9, 9, 9, 9, 9, 9, 9, 9, 9], 
[0, 9, 9, 9, 9, 9, 9, 9, 9, 9], 
[0, 9, 9, 9, 9, 0, 9, 9, 9, 0]
], 
"active_bears": [
[9, 8, "NW"], 
[3, 2, "NE"], 
[8, 4, "E"], 
[8, 5, "N"]
], 
"reserve_bears": [
[1, 1, "S"]
], 
"active_tourists": [
[9, 8], 
[2, 1], 
[7, 6]
], 
"reserve_tourists": 
[[2, 8]
]
}